calculate_score_torchB,lsar_score_torchB,hungarian,loop_overhead,calculate_scores
9.320754766464233,28.05685305595398,0.07914924621582031,127.72558665275574,165.20331525802612
