calculate_score_torchB,lsar_score_torchB,calculate_scores,hungarian,other_lsar,relax_labeling
21.08368992805481,1242.9294953346252,2276.4265763759613,1139.4556732177734,16.938316345214844,70.23298835754395